{"cameraMode":{"drawMode":0,"name":"Shaded","section":"Shading Mode"},"sceneLighting":false,"audioPlay":false,"sceneViewState":{"m_AlwaysRefresh":false,"showFog":true,"showSkybox":false,"showFlares":true,"showImageEffects":true,"showParticleSystems":true,"showVisualEffectGraphs":true,"m_FxEnabled":true},"in2DMode":false,"pivot":{"x":0.2706526517868042,"y":2.1390609741210939,"z":0.5634698271751404},"rotation":{"x":-0.12745767831802369,"y":0.008030571043491364,"z":-0.001032029977068305,"w":-0.9918107986450195},"size":3.105081796646118,"orthographic":false}