{"cameraMode":{"drawMode":0,"name":"Shaded","section":"Shading Mode"},"sceneLighting":true,"audioPlay":false,"sceneViewState":{"m_AlwaysRefresh":false,"showFog":true,"showSkybox":true,"showFlares":true,"showImageEffects":true,"showParticleSystems":true,"showVisualEffectGraphs":true,"m_FxEnabled":true},"in2DMode":false,"pivot":{"x":43.67264938354492,"y":3.5643954277038576,"z":1.49347722530365},"rotation":{"x":-0.015303367748856545,"y":0.026091547682881357,"z":-0.0003999307518824935,"w":-0.9995406866073608},"size":8.711334228515625,"orthographic":false}