{"cameraMode":{"drawMode":0,"name":"Shaded","section":"Shading Mode"},"sceneLighting":false,"audioPlay":false,"sceneViewState":{"m_AlwaysRefresh":false,"showFog":true,"showSkybox":false,"showFlares":true,"showImageEffects":true,"showParticleSystems":true,"showVisualEffectGraphs":true,"m_FxEnabled":true},"in2DMode":false,"pivot":{"x":0.4547032415866852,"y":0.10477134585380554,"z":-0.2444460690021515},"rotation":{"x":0.0038957626093178989,"y":-0.3685029447078705,"z":-0.0015447286423295737,"w":-0.9296141862869263},"size":0.7482028007507324,"orthographic":false}