{"cameraMode":{"drawMode":0,"name":"Shaded","section":"Shading Mode"},"sceneLighting":false,"audioPlay":false,"sceneViewState":{"m_AlwaysRefresh":false,"showFog":true,"showSkybox":false,"showFlares":true,"showImageEffects":true,"showParticleSystems":true,"showVisualEffectGraphs":true,"m_FxEnabled":true},"in2DMode":false,"pivot":{"x":-1.1554538011550904,"y":0.32004669308662417,"z":-0.04248357191681862},"rotation":{"x":-0.03180322423577309,"y":-0.00539989722892642,"z":0.00017133110668510199,"w":-0.9994770288467407},"size":4.361800670623779,"orthographic":false}